ID,Name,HP,Attack,Special_Attack,Defence,Special_Defence,Speed,Generation,Type1,Type2,Ability 1,Ability 2,Hidden Ability
1,bulbasaur,45,49,49,65,65,45,1,grass,poison,overgrow,NaN,chlorophyll
2,ivysaur,60,62,63,80,80,60,1,grass,poison,overgrow,NaN,chlorophyll
3,venusaur,80,82,83,100,100,80,1,grass,poison,overgrow,NaN,chlorophyll
4,charmander,39,52,43,60,50,65,1,fire,NaN,blaze,NaN,solar-power
5,charmeleon,58,64,58,80,65,80,1,fire,NaN,blaze,NaN,solar-power
6,charizard,78,84,78,109,85,100,1,fire,flying,blaze,NaN,solar-power
7,squirtle,44,48,65,50,64,43,1,water,NaN,torrent,NaN,rain-dish
8,wartortle,59,63,80,65,80,58,1,water,NaN,torrent,NaN,rain-dish
9,blastoise,79,83,100,85,105,78,1,water,NaN,torrent,NaN,rain-dish
10,caterpie,45,30,35,20,20,45,1,bug,NaN,shield-dust,NaN,run-away
11,metapod,50,20,55,25,25,30,1,bug,NaN,shed-skin,NaN,NaN
12,butterfree,60,45,50,90,80,70,1,bug,flying,compound-eyes,NaN,tinted-lens
13,weedle,40,35,30,20,20,50,1,bug,poison,shield-dust,NaN,run-away
14,kakuna,45,25,50,25,25,35,1,bug,poison,shed-skin,NaN,NaN
15,beedrill,65,90,40,45,80,75,1,bug,poison,swarm,NaN,sniper
16,pidgey,40,45,40,35,35,56,1,normal,flying,keen-eye,tangled-feet,big-pecks
17,pidgeotto,63,60,55,50,50,71,1,normal,flying,keen-eye,tangled-feet,big-pecks
18,pidgeot,83,80,75,70,70,101,1,normal,flying,keen-eye,tangled-feet,big-pecks
19,rattata,30,56,35,25,35,72,1,normal,NaN,run-away,guts,hustle
20,raticate,55,81,60,50,70,97,1,normal,NaN,run-away,guts,hustle
21,spearow,40,60,30,31,31,70,1,normal,flying,keen-eye,NaN,sniper
22,fearow,65,90,65,61,61,100,1,normal,flying,keen-eye,NaN,sniper
23,ekans,35,60,44,40,54,55,1,poison,NaN,intimidate,shed-skin,unnerve
24,arbok,60,95,69,65,79,80,1,poison,NaN,intimidate,shed-skin,unnerve
25,pikachu,35,55,40,50,50,90,1,electric,NaN,static,NaN,lightning-rod
26,raichu,60,90,55,90,80,110,1,electric,NaN,static,NaN,lightning-rod
27,sandshrew,50,75,85,20,30,40,1,ground,NaN,sand-veil,NaN,sand-rush
28,sandslash,75,100,110,45,55,65,1,ground,NaN,sand-veil,NaN,sand-rush
29,nidoran-f,55,47,52,40,40,41,1,poison,NaN,poison-point,rivalry,hustle
30,nidorina,70,62,67,55,55,56,1,poison,NaN,poison-point,rivalry,hustle
31,nidoqueen,90,92,87,75,85,76,1,poison,ground,poison-point,rivalry,sheer-force
32,nidoran-m,46,57,40,40,40,50,1,poison,NaN,poison-point,rivalry,hustle
33,nidorino,61,72,57,55,55,65,1,poison,NaN,poison-point,rivalry,hustle
34,nidoking,81,102,77,85,75,85,1,poison,ground,poison-point,rivalry,sheer-force
35,clefairy,70,45,48,60,65,35,1,fairy,NaN,cute-charm,magic-guard,friend-guard
36,clefable,95,70,73,95,90,60,1,fairy,NaN,cute-charm,magic-guard,unaware
37,vulpix,38,41,40,50,65,65,1,fire,NaN,flash-fire,NaN,drought
38,ninetales,73,76,75,81,100,100,1,fire,NaN,flash-fire,NaN,drought
39,jigglypuff,115,45,20,45,25,20,1,normal,fairy,cute-charm,competitive,friend-guard
40,wigglytuff,140,70,45,85,50,45,1,normal,fairy,cute-charm,competitive,frisk
41,zubat,40,45,35,30,40,55,1,poison,flying,inner-focus,NaN,infiltrator
42,golbat,75,80,70,65,75,90,1,poison,flying,inner-focus,NaN,infiltrator
43,oddish,45,50,55,75,65,30,1,grass,poison,chlorophyll,NaN,run-away
44,gloom,60,65,70,85,75,40,1,grass,poison,chlorophyll,NaN,stench
45,vileplume,75,80,85,110,90,50,1,grass,poison,chlorophyll,NaN,effect-spore
46,paras,35,70,55,45,55,25,1,bug,grass,effect-spore,dry-skin,damp
47,parasect,60,95,80,60,80,30,1,bug,grass,effect-spore,dry-skin,damp
48,venonat,60,55,50,40,55,45,1,bug,poison,compound-eyes,tinted-lens,run-away
49,venomoth,70,65,60,90,75,90,1,bug,poison,shield-dust,tinted-lens,wonder-skin
50,diglett,10,55,25,35,45,95,1,ground,NaN,sand-veil,arena-trap,sand-force
51,dugtrio,35,100,50,50,70,120,1,ground,NaN,sand-veil,arena-trap,sand-force
52,meowth,40,45,35,40,40,90,1,normal,NaN,pickup,technician,unnerve
53,persian,65,70,60,65,65,115,1,normal,NaN,limber,technician,unnerve
54,psyduck,50,52,48,65,50,55,1,water,NaN,damp,cloud-nine,swift-swim
55,golduck,80,82,78,95,80,85,1,water,NaN,damp,cloud-nine,swift-swim
56,mankey,40,80,35,35,45,70,1,fighting,NaN,vital-spirit,anger-point,defiant
57,primeape,65,105,60,60,70,95,1,fighting,NaN,vital-spirit,anger-point,defiant
58,growlithe,55,70,45,70,50,60,1,fire,NaN,intimidate,flash-fire,justified
59,arcanine,90,110,80,100,80,95,1,fire,NaN,intimidate,flash-fire,justified
60,poliwag,40,50,40,40,40,90,1,water,NaN,water-absorb,damp,swift-swim
61,poliwhirl,65,65,65,50,50,90,1,water,NaN,water-absorb,damp,swift-swim
62,poliwrath,90,95,95,70,90,70,1,water,fighting,water-absorb,damp,swift-swim
63,abra,25,20,15,105,55,90,1,psychic,NaN,synchronize,inner-focus,magic-guard
64,kadabra,40,35,30,120,70,105,1,psychic,NaN,synchronize,inner-focus,magic-guard
65,alakazam,55,50,45,135,95,120,1,psychic,NaN,synchronize,inner-focus,magic-guard
66,machop,70,80,50,35,35,35,1,fighting,NaN,guts,no-guard,steadfast
67,machoke,80,100,70,50,60,45,1,fighting,NaN,guts,no-guard,steadfast
68,machamp,90,130,80,65,85,55,1,fighting,NaN,guts,no-guard,steadfast
69,bellsprout,50,75,35,70,30,40,1,grass,poison,chlorophyll,NaN,gluttony
70,weepinbell,65,90,50,85,45,55,1,grass,poison,chlorophyll,NaN,gluttony
71,victreebel,80,105,65,100,70,70,1,grass,poison,chlorophyll,NaN,gluttony
72,tentacool,40,40,35,50,100,70,1,water,poison,clear-body,liquid-ooze,rain-dish
73,tentacruel,80,70,65,80,120,100,1,water,poison,clear-body,liquid-ooze,rain-dish
74,geodude,40,80,100,30,30,20,1,rock,ground,rock-head,sturdy,sand-veil
75,graveler,55,95,115,45,45,35,1,rock,ground,rock-head,sturdy,sand-veil
76,golem,80,120,130,55,65,45,1,rock,ground,rock-head,sturdy,sand-veil
77,ponyta,50,85,55,65,65,90,1,fire,NaN,run-away,flash-fire,flame-body
78,rapidash,65,100,70,80,80,105,1,fire,NaN,run-away,flash-fire,flame-body
79,slowpoke,90,65,65,40,40,15,1,water,psychic,oblivious,own-tempo,regenerator
80,slowbro,95,75,110,100,80,30,1,water,psychic,oblivious,own-tempo,regenerator
81,magnemite,25,35,70,95,55,45,1,electric,steel,magnet-pull,sturdy,analytic
82,magneton,50,60,95,120,70,70,1,electric,steel,magnet-pull,sturdy,analytic
83,farfetchd,52,90,55,58,62,60,1,normal,flying,keen-eye,inner-focus,defiant
84,doduo,35,85,45,35,35,75,1,normal,flying,run-away,early-bird,tangled-feet
85,dodrio,60,110,70,60,60,110,1,normal,flying,run-away,early-bird,tangled-feet
86,seel,65,45,55,45,70,45,1,water,NaN,thick-fat,hydration,ice-body
87,dewgong,90,70,80,70,95,70,1,water,ice,thick-fat,hydration,ice-body
88,grimer,80,80,50,40,50,25,1,poison,NaN,stench,sticky-hold,poison-touch
89,muk,105,105,75,65,100,50,1,poison,NaN,stench,sticky-hold,poison-touch
90,shellder,30,65,100,45,25,40,1,water,NaN,shell-armor,skill-link,overcoat
91,cloyster,50,95,180,85,45,70,1,water,ice,shell-armor,skill-link,overcoat
92,gastly,30,35,30,100,35,80,1,ghost,poison,levitate,NaN,NaN
93,haunter,45,50,45,115,55,95,1,ghost,poison,levitate,NaN,NaN
94,gengar,60,65,60,130,75,110,1,ghost,poison,cursed-body,NaN,NaN
95,onix,35,45,160,30,45,70,1,rock,ground,rock-head,sturdy,weak-armor
96,drowzee,60,48,45,43,90,42,1,psychic,NaN,insomnia,forewarn,inner-focus
97,hypno,85,73,70,73,115,67,1,psychic,NaN,insomnia,forewarn,inner-focus
98,krabby,30,105,90,25,25,50,1,water,NaN,hyper-cutter,shell-armor,sheer-force
99,kingler,55,130,115,50,50,75,1,water,NaN,hyper-cutter,shell-armor,sheer-force
100,voltorb,40,30,50,55,55,100,1,electric,NaN,soundproof,static,aftermath
101,electrode,60,50,70,80,80,150,1,electric,NaN,soundproof,static,aftermath
102,exeggcute,60,40,80,60,45,40,1,grass,psychic,chlorophyll,NaN,harvest
103,exeggutor,95,95,85,125,75,55,1,grass,psychic,chlorophyll,NaN,harvest
104,cubone,50,50,95,40,50,35,1,ground,NaN,rock-head,lightning-rod,battle-armor
105,marowak,60,80,110,50,80,45,1,ground,NaN,rock-head,lightning-rod,battle-armor
106,hitmonlee,50,120,53,35,110,87,1,fighting,NaN,limber,reckless,unburden
107,hitmonchan,50,105,79,35,110,76,1,fighting,NaN,keen-eye,iron-fist,inner-focus
108,lickitung,90,55,75,60,75,30,1,normal,NaN,own-tempo,oblivious,cloud-nine
109,koffing,40,65,95,60,45,35,1,poison,NaN,levitate,neutralizing-gas,stench
110,weezing,65,90,120,85,70,60,1,poison,NaN,levitate,neutralizing-gas,stench
111,rhyhorn,80,85,95,30,30,25,1,ground,rock,lightning-rod,rock-head,reckless
112,rhydon,105,130,120,45,45,40,1,ground,rock,lightning-rod,rock-head,reckless
113,chansey,250,5,5,35,105,50,1,normal,NaN,natural-cure,serene-grace,healer
114,tangela,65,55,115,100,40,60,1,grass,NaN,chlorophyll,leaf-guard,regenerator
115,kangaskhan,105,95,80,40,80,90,1,normal,NaN,early-bird,scrappy,inner-focus
116,horsea,30,40,70,70,25,60,1,water,NaN,swift-swim,sniper,damp
117,seadra,55,65,95,95,45,85,1,water,NaN,poison-point,sniper,damp
118,goldeen,45,67,60,35,50,63,1,water,NaN,swift-swim,water-veil,lightning-rod
119,seaking,80,92,65,65,80,68,1,water,NaN,swift-swim,water-veil,lightning-rod
120,staryu,30,45,55,70,55,85,1,water,NaN,illuminate,natural-cure,analytic
121,starmie,60,75,85,100,85,115,1,water,psychic,illuminate,natural-cure,analytic
122,mr-mime,40,45,65,100,120,90,1,psychic,fairy,soundproof,filter,technician
123,scyther,70,110,80,55,80,105,1,bug,flying,swarm,technician,steadfast
124,jynx,65,50,35,115,95,95,1,ice,psychic,oblivious,forewarn,dry-skin
125,electabuzz,65,83,57,95,85,105,1,electric,NaN,static,NaN,vital-spirit
126,magmar,65,95,57,100,85,93,1,fire,NaN,flame-body,NaN,vital-spirit
127,pinsir,65,125,100,55,70,85,1,bug,NaN,hyper-cutter,mold-breaker,moxie
128,tauros,75,100,95,40,70,110,1,normal,NaN,intimidate,anger-point,sheer-force
129,magikarp,20,10,55,15,20,80,1,water,NaN,swift-swim,NaN,rattled
130,gyarados,95,125,79,60,100,81,1,water,flying,intimidate,NaN,moxie
131,lapras,130,85,80,85,95,60,1,water,ice,water-absorb,shell-armor,hydration
132,ditto,48,48,48,48,48,48,1,normal,NaN,limber,NaN,imposter
133,eevee,55,55,50,45,65,55,1,normal,NaN,run-away,adaptability,anticipation
134,vaporeon,130,65,60,110,95,65,1,water,NaN,water-absorb,NaN,hydration
135,jolteon,65,65,60,110,95,130,1,electric,NaN,volt-absorb,NaN,quick-feet
136,flareon,65,130,60,95,110,65,1,fire,NaN,flash-fire,NaN,guts
137,porygon,65,60,70,85,75,40,1,normal,NaN,trace,download,analytic
138,omanyte,35,40,100,90,55,35,1,rock,water,swift-swim,shell-armor,weak-armor
139,omastar,70,60,125,115,70,55,1,rock,water,swift-swim,shell-armor,weak-armor
140,kabuto,30,80,90,55,45,55,1,rock,water,swift-swim,battle-armor,weak-armor
141,kabutops,60,115,105,65,70,80,1,rock,water,swift-swim,battle-armor,weak-armor
142,aerodactyl,80,105,65,60,75,130,1,rock,flying,rock-head,pressure,unnerve
143,snorlax,160,110,65,65,110,30,1,normal,NaN,immunity,thick-fat,gluttony
144,articuno,90,85,100,95,125,85,1,ice,flying,pressure,NaN,snow-cloak
145,zapdos,90,90,85,125,90,100,1,electric,flying,pressure,NaN,static
146,moltres,90,100,90,125,85,90,1,fire,flying,pressure,NaN,flame-body
147,dratini,41,64,45,50,50,50,1,dragon,NaN,shed-skin,NaN,marvel-scale
148,dragonair,61,84,65,70,70,70,1,dragon,NaN,shed-skin,NaN,marvel-scale
149,dragonite,91,134,95,100,100,80,1,dragon,flying,inner-focus,NaN,multiscale
150,mewtwo,106,110,90,154,90,130,1,psychic,NaN,pressure,NaN,unnerve
151,mew,100,100,100,100,100,100,1,psychic,NaN,synchronize,NaN,NaN
152,chikorita,45,49,65,49,65,45,2,grass,NaN,overgrow,NaN,leaf-guard
153,bayleef,60,62,80,63,80,60,2,grass,NaN,overgrow,NaN,leaf-guard
154,meganium,80,82,100,83,100,80,2,grass,NaN,overgrow,NaN,leaf-guard
155,cyndaquil,39,52,43,60,50,65,2,fire,NaN,blaze,NaN,flash-fire
156,quilava,58,64,58,80,65,80,2,fire,NaN,blaze,NaN,flash-fire
157,typhlosion,78,84,78,109,85,100,2,fire,NaN,blaze,NaN,flash-fire
158,totodile,50,65,64,44,48,43,2,water,NaN,torrent,NaN,sheer-force
159,croconaw,65,80,80,59,63,58,2,water,NaN,torrent,NaN,sheer-force
160,feraligatr,85,105,100,79,83,78,2,water,NaN,torrent,NaN,sheer-force
161,sentret,35,46,34,35,45,20,2,normal,NaN,run-away,keen-eye,frisk
162,furret,85,76,64,45,55,90,2,normal,NaN,run-away,keen-eye,frisk
163,hoothoot,60,30,30,36,56,50,2,normal,flying,insomnia,keen-eye,tinted-lens
164,noctowl,100,50,50,86,96,70,2,normal,flying,insomnia,keen-eye,tinted-lens
165,ledyba,40,20,30,40,80,55,2,bug,flying,swarm,early-bird,rattled
166,ledian,55,35,50,55,110,85,2,bug,flying,swarm,early-bird,iron-fist
167,spinarak,40,60,40,40,40,30,2,bug,poison,swarm,insomnia,sniper
168,ariados,70,90,70,60,70,40,2,bug,poison,swarm,insomnia,sniper
169,crobat,85,90,80,70,80,130,2,poison,flying,inner-focus,NaN,infiltrator
170,chinchou,75,38,38,56,56,67,2,water,electric,volt-absorb,illuminate,water-absorb
171,lanturn,125,58,58,76,76,67,2,water,electric,volt-absorb,illuminate,water-absorb
172,pichu,20,40,15,35,35,60,2,electric,NaN,static,NaN,lightning-rod
173,cleffa,50,25,28,45,55,15,2,fairy,NaN,cute-charm,magic-guard,friend-guard
174,igglybuff,90,30,15,40,20,15,2,normal,fairy,cute-charm,competitive,friend-guard
175,togepi,35,20,65,40,65,20,2,fairy,NaN,hustle,serene-grace,super-luck
176,togetic,55,40,85,80,105,40,2,fairy,flying,hustle,serene-grace,super-luck
177,natu,40,50,45,70,45,70,2,psychic,flying,synchronize,early-bird,magic-bounce
178,xatu,65,75,70,95,70,95,2,psychic,flying,synchronize,early-bird,magic-bounce
179,mareep,55,40,40,65,45,35,2,electric,NaN,static,NaN,plus
180,flaaffy,70,55,55,80,60,45,2,electric,NaN,static,NaN,plus
181,ampharos,90,75,85,115,90,55,2,electric,NaN,static,NaN,plus
182,bellossom,75,80,95,90,100,50,2,grass,NaN,chlorophyll,NaN,healer
183,marill,70,20,50,20,50,40,2,water,fairy,thick-fat,huge-power,sap-sipper
184,azumarill,100,50,80,60,80,50,2,water,fairy,thick-fat,huge-power,sap-sipper
185,sudowoodo,70,100,115,30,65,30,2,rock,NaN,sturdy,rock-head,rattled
186,politoed,90,75,75,90,100,70,2,water,NaN,water-absorb,damp,drizzle
187,hoppip,35,35,40,35,55,50,2,grass,flying,chlorophyll,leaf-guard,infiltrator
188,skiploom,55,45,50,45,65,80,2,grass,flying,chlorophyll,leaf-guard,infiltrator
189,jumpluff,75,55,70,55,95,110,2,grass,flying,chlorophyll,leaf-guard,infiltrator
190,aipom,55,70,55,40,55,85,2,normal,NaN,run-away,pickup,skill-link
191,sunkern,30,30,30,30,30,30,2,grass,NaN,chlorophyll,solar-power,early-bird
192,sunflora,75,75,55,105,85,30,2,grass,NaN,chlorophyll,solar-power,early-bird
193,yanma,65,65,45,75,45,95,2,bug,flying,speed-boost,compound-eyes,frisk
194,wooper,55,45,45,25,25,15,2,water,ground,damp,water-absorb,unaware
195,quagsire,95,85,85,65,65,35,2,water,ground,damp,water-absorb,unaware
196,espeon,65,65,60,130,95,110,2,psychic,NaN,synchronize,NaN,magic-bounce
197,umbreon,95,65,110,60,130,65,2,dark,NaN,synchronize,NaN,inner-focus
198,murkrow,60,85,42,85,42,91,2,dark,flying,insomnia,super-luck,prankster
199,slowking,95,75,80,100,110,30,2,water,psychic,oblivious,own-tempo,regenerator
200,misdreavus,60,60,60,85,85,85,2,ghost,NaN,levitate,NaN,NaN
201,unown,48,72,48,72,48,48,2,psychic,NaN,levitate,NaN,NaN
202,wobbuffet,190,33,58,33,58,33,2,psychic,NaN,shadow-tag,NaN,telepathy
203,girafarig,70,80,65,90,65,85,2,normal,psychic,inner-focus,early-bird,sap-sipper
204,pineco,50,65,90,35,35,15,2,bug,NaN,sturdy,NaN,overcoat
205,forretress,75,90,140,60,60,40,2,bug,steel,sturdy,NaN,overcoat
206,dunsparce,100,70,70,65,65,45,2,normal,NaN,serene-grace,run-away,rattled
207,gligar,65,75,105,35,65,85,2,ground,flying,hyper-cutter,sand-veil,immunity
208,steelix,75,85,200,55,65,30,2,steel,ground,rock-head,sturdy,sheer-force
209,snubbull,60,80,50,40,40,30,2,fairy,NaN,intimidate,run-away,rattled
210,granbull,90,120,75,60,60,45,2,fairy,NaN,intimidate,quick-feet,rattled
211,qwilfish,65,95,85,55,55,85,2,water,poison,poison-point,swift-swim,intimidate
212,scizor,70,130,100,55,80,65,2,bug,steel,swarm,technician,light-metal
213,shuckle,20,10,230,10,230,5,2,bug,rock,sturdy,gluttony,contrary
214,heracross,80,125,75,40,95,85,2,bug,fighting,swarm,guts,moxie
215,sneasel,55,95,55,35,75,115,2,dark,ice,inner-focus,keen-eye,pickpocket
216,teddiursa,60,80,50,50,50,40,2,normal,NaN,pickup,quick-feet,honey-gather
217,ursaring,90,130,75,75,75,55,2,normal,NaN,guts,quick-feet,unnerve
218,slugma,40,40,40,70,40,20,2,fire,NaN,magma-armor,flame-body,weak-armor
219,magcargo,60,50,120,90,80,30,2,fire,rock,magma-armor,flame-body,weak-armor
220,swinub,50,50,40,30,30,50,2,ice,ground,oblivious,snow-cloak,thick-fat
221,piloswine,100,100,80,60,60,50,2,ice,ground,oblivious,snow-cloak,thick-fat
222,corsola,65,55,95,65,95,35,2,water,rock,hustle,natural-cure,regenerator
223,remoraid,35,65,35,65,35,65,2,water,NaN,hustle,sniper,moody
224,octillery,75,105,75,105,75,45,2,water,NaN,suction-cups,sniper,moody
225,delibird,45,55,45,65,45,75,2,ice,flying,vital-spirit,hustle,insomnia
226,mantine,85,40,70,80,140,70,2,water,flying,swift-swim,water-absorb,water-veil
227,skarmory,65,80,140,40,70,70,2,steel,flying,keen-eye,sturdy,weak-armor
228,houndour,45,60,30,80,50,65,2,dark,fire,early-bird,flash-fire,unnerve
229,houndoom,75,90,50,110,80,95,2,dark,fire,early-bird,flash-fire,unnerve
230,kingdra,75,95,95,95,95,85,2,water,dragon,swift-swim,sniper,damp
231,phanpy,90,60,60,40,40,40,2,ground,NaN,pickup,NaN,sand-veil
232,donphan,90,120,120,60,60,50,2,ground,NaN,sturdy,NaN,sand-veil
233,porygon2,85,80,90,105,95,60,2,normal,NaN,trace,download,analytic
234,stantler,73,95,62,85,65,85,2,normal,NaN,intimidate,frisk,sap-sipper
235,smeargle,55,20,35,20,45,75,2,normal,NaN,own-tempo,technician,moody
236,tyrogue,35,35,35,35,35,35,2,fighting,NaN,guts,steadfast,vital-spirit
237,hitmontop,50,95,95,35,110,70,2,fighting,NaN,intimidate,technician,steadfast
238,smoochum,45,30,15,85,65,65,2,ice,psychic,oblivious,forewarn,hydration
239,elekid,45,63,37,65,55,95,2,electric,NaN,static,NaN,vital-spirit
240,magby,45,75,37,70,55,83,2,fire,NaN,flame-body,NaN,vital-spirit
241,miltank,95,80,105,40,70,100,2,normal,NaN,thick-fat,scrappy,sap-sipper
242,blissey,255,10,10,75,135,55,2,normal,NaN,natural-cure,serene-grace,healer
243,raikou,90,85,75,115,100,115,2,electric,NaN,pressure,NaN,inner-focus
244,entei,115,115,85,90,75,100,2,fire,NaN,pressure,NaN,inner-focus
245,suicune,100,75,115,90,115,85,2,water,NaN,pressure,NaN,inner-focus
246,larvitar,50,64,50,45,50,41,2,rock,ground,guts,NaN,sand-veil
247,pupitar,70,84,70,65,70,51,2,rock,ground,shed-skin,NaN,NaN
248,tyranitar,100,134,110,95,100,61,2,rock,dark,sand-stream,NaN,unnerve
249,lugia,106,90,130,90,154,110,2,psychic,flying,pressure,NaN,multiscale
250,ho-oh,106,130,90,110,154,90,2,fire,flying,pressure,NaN,regenerator
251,celebi,100,100,100,100,100,100,2,psychic,grass,natural-cure,NaN,NaN
252,treecko,40,45,35,65,55,70,2,grass,NaN,overgrow,NaN,unburden
253,grovyle,50,65,45,85,65,95,2,grass,NaN,overgrow,NaN,unburden
254,sceptile,70,85,65,105,85,120,2,grass,NaN,overgrow,NaN,unburden
255,torchic,45,60,40,70,50,45,2,fire,NaN,blaze,NaN,speed-boost
256,combusken,60,85,60,85,60,55,2,fire,fighting,blaze,NaN,speed-boost
257,blaziken,80,120,70,110,70,80,2,fire,fighting,blaze,NaN,speed-boost
258,mudkip,50,70,50,50,50,40,2,water,NaN,torrent,NaN,damp
259,marshtomp,70,85,70,60,70,50,2,water,ground,torrent,NaN,damp
260,swampert,100,110,90,85,90,60,2,water,ground,torrent,NaN,damp
261,poochyena,35,55,35,30,30,35,2,dark,NaN,run-away,quick-feet,rattled
262,mightyena,70,90,70,60,60,70,2,dark,NaN,intimidate,quick-feet,moxie
263,zigzagoon,38,30,41,30,41,60,2,normal,NaN,pickup,gluttony,quick-feet
264,linoone,78,70,61,50,61,100,2,normal,NaN,pickup,gluttony,quick-feet
265,wurmple,45,45,35,20,30,20,2,bug,NaN,shield-dust,NaN,run-away
266,silcoon,50,35,55,25,25,15,2,bug,NaN,shed-skin,NaN,NaN
267,beautifly,60,70,50,100,50,65,2,bug,flying,swarm,NaN,rivalry
268,cascoon,50,35,55,25,25,15,2,bug,NaN,shed-skin,NaN,NaN
269,dustox,60,50,70,50,90,65,2,bug,poison,shield-dust,NaN,compound-eyes
270,lotad,40,30,30,40,50,30,2,water,grass,swift-swim,rain-dish,own-tempo
271,lombre,60,50,50,60,70,50,2,water,grass,swift-swim,rain-dish,own-tempo
272,ludicolo,80,70,70,90,100,70,2,water,grass,swift-swim,rain-dish,own-tempo
273,seedot,40,40,50,30,30,30,2,grass,NaN,chlorophyll,early-bird,pickpocket
274,nuzleaf,70,70,40,60,40,60,2,grass,dark,chlorophyll,early-bird,pickpocket
275,shiftry,90,100,60,90,60,80,2,grass,dark,chlorophyll,wind-rider,pickpocket
276,taillow,40,55,30,30,30,85,2,normal,flying,guts,NaN,scrappy
277,swellow,60,85,60,75,50,125,2,normal,flying,guts,NaN,scrappy
278,wingull,40,30,30,55,30,85,2,water,flying,keen-eye,hydration,rain-dish
279,pelipper,60,50,100,95,70,65,2,water,flying,keen-eye,drizzle,rain-dish
280,ralts,28,25,25,45,35,40,2,psychic,fairy,synchronize,trace,telepathy
281,kirlia,38,35,35,65,55,50,2,psychic,fairy,synchronize,trace,telepathy
282,gardevoir,68,65,65,125,115,80,2,psychic,fairy,synchronize,trace,telepathy
283,surskit,40,30,32,50,52,65,2,bug,water,swift-swim,NaN,rain-dish
284,masquerain,70,60,62,100,82,80,2,bug,flying,intimidate,NaN,unnerve
285,shroomish,60,40,60,40,60,35,2,grass,NaN,effect-spore,poison-heal,quick-feet
286,breloom,60,130,80,60,60,70,2,grass,fighting,effect-spore,poison-heal,technician
287,slakoth,60,60,60,35,35,30,2,normal,NaN,truant,NaN,NaN
288,vigoroth,80,80,80,55,55,90,2,normal,NaN,vital-spirit,NaN,NaN
289,slaking,150,160,100,95,65,100,2,normal,NaN,truant,NaN,NaN
290,nincada,31,45,90,30,30,40,2,bug,ground,compound-eyes,NaN,run-away
291,ninjask,61,90,45,50,50,160,2,bug,flying,speed-boost,NaN,infiltrator
292,shedinja,1,90,45,30,30,40,2,bug,ghost,wonder-guard,NaN,NaN
293,whismur,64,51,23,51,23,28,2,normal,NaN,soundproof,NaN,rattled
294,loudred,84,71,43,71,43,48,2,normal,NaN,soundproof,NaN,scrappy
295,exploud,104,91,63,91,73,68,2,normal,NaN,soundproof,NaN,scrappy
296,makuhita,72,60,30,20,30,25,2,fighting,NaN,thick-fat,guts,sheer-force
297,hariyama,144,120,60,40,60,50,2,fighting,NaN,thick-fat,guts,sheer-force
298,azurill,50,20,40,20,40,20,2,normal,fairy,thick-fat,huge-power,sap-sipper
299,nosepass,30,45,135,45,90,30,2,rock,NaN,sturdy,magnet-pull,sand-force
300,skitty,50,45,45,35,35,50,2,normal,NaN,cute-charm,normalize,wonder-skin
301,delcatty,70,65,65,55,55,90,2,normal,NaN,cute-charm,normalize,wonder-skin
302,sableye,50,75,75,65,65,50,2,dark,ghost,keen-eye,stall,prankster
303,mawile,50,85,85,55,55,50,3,steel,fairy,hyper-cutter,intimidate,sheer-force
304,aron,50,70,100,40,40,30,3,steel,rock,sturdy,rock-head,heavy-metal
305,lairon,60,90,140,50,50,40,3,steel,rock,sturdy,rock-head,heavy-metal
306,aggron,70,110,180,60,60,50,3,steel,rock,sturdy,rock-head,heavy-metal
307,meditite,30,40,55,40,55,60,3,fighting,psychic,pure-power,NaN,telepathy
308,medicham,60,60,75,60,75,80,3,fighting,psychic,pure-power,NaN,telepathy
309,electrike,40,45,40,65,40,65,3,electric,NaN,static,lightning-rod,minus
310,manectric,70,75,60,105,60,105,3,electric,NaN,static,lightning-rod,minus
311,plusle,60,50,40,85,75,95,3,electric,NaN,plus,NaN,lightning-rod
312,minun,60,40,50,75,85,95,3,electric,NaN,minus,NaN,volt-absorb
313,volbeat,65,73,75,47,85,85,3,bug,NaN,illuminate,swarm,prankster
314,illumise,65,47,75,73,85,85,3,bug,NaN,oblivious,tinted-lens,prankster
315,roselia,50,60,45,100,80,65,3,grass,poison,natural-cure,poison-point,leaf-guard
316,gulpin,70,43,53,43,53,40,3,poison,NaN,liquid-ooze,sticky-hold,gluttony
317,swalot,100,73,83,73,83,55,3,poison,NaN,liquid-ooze,sticky-hold,gluttony
318,carvanha,45,90,20,65,20,65,3,water,dark,rough-skin,NaN,speed-boost
319,sharpedo,70,120,40,95,40,95,3,water,dark,rough-skin,NaN,speed-boost
320,wailmer,130,70,35,70,35,60,3,water,NaN,water-veil,oblivious,pressure
321,wailord,170,90,45,90,45,60,3,water,NaN,water-veil,oblivious,pressure
322,numel,60,60,40,65,45,35,3,fire,ground,oblivious,simple,own-tempo
323,camerupt,70,100,70,105,75,40,3,fire,ground,magma-armor,solid-rock,anger-point
324,torkoal,70,85,140,85,70,20,3,fire,NaN,white-smoke,drought,shell-armor
325,spoink,60,25,35,70,80,60,3,psychic,NaN,thick-fat,own-tempo,gluttony
326,grumpig,80,45,65,90,110,80,3,psychic,NaN,thick-fat,own-tempo,gluttony
327,spinda,60,60,60,60,60,60,3,normal,NaN,own-tempo,tangled-feet,contrary
328,trapinch,45,100,45,45,45,10,3,ground,NaN,hyper-cutter,arena-trap,sheer-force
329,vibrava,50,70,50,50,50,70,3,ground,dragon,levitate,NaN,NaN
330,flygon,80,100,80,80,80,100,3,ground,dragon,levitate,NaN,NaN
331,cacnea,50,85,40,85,40,35,3,grass,NaN,sand-veil,NaN,water-absorb
332,cacturne,70,115,60,115,60,55,3,grass,dark,sand-veil,NaN,water-absorb
333,swablu,45,40,60,40,75,50,3,normal,flying,natural-cure,NaN,cloud-nine
334,altaria,75,70,90,70,105,80,3,dragon,flying,natural-cure,NaN,cloud-nine
335,zangoose,73,115,60,60,60,90,3,normal,NaN,immunity,NaN,toxic-boost
336,seviper,73,100,60,100,60,65,3,poison,NaN,shed-skin,NaN,infiltrator
337,lunatone,90,55,65,95,85,70,3,rock,psychic,levitate,NaN,NaN
338,solrock,90,95,85,55,65,70,3,rock,psychic,levitate,NaN,NaN
339,barboach,50,48,43,46,41,60,3,water,ground,oblivious,anticipation,hydration
340,whiscash,110,78,73,76,71,60,3,water,ground,oblivious,anticipation,hydration
341,corphish,43,80,65,50,35,35,3,water,NaN,hyper-cutter,shell-armor,adaptability
342,crawdaunt,63,120,85,90,55,55,3,water,dark,hyper-cutter,shell-armor,adaptability
343,baltoy,40,40,55,40,70,55,3,ground,psychic,levitate,NaN,NaN
344,claydol,60,70,105,70,120,75,3,ground,psychic,levitate,NaN,NaN
345,lileep,66,41,77,61,87,23,3,rock,grass,suction-cups,NaN,storm-drain
346,cradily,86,81,97,81,107,43,3,rock,grass,suction-cups,NaN,storm-drain
347,anorith,45,95,50,40,50,75,3,rock,bug,battle-armor,NaN,swift-swim
348,armaldo,75,125,100,70,80,45,3,rock,bug,battle-armor,NaN,swift-swim
349,feebas,20,15,20,10,55,80,3,water,NaN,swift-swim,oblivious,adaptability
350,milotic,95,60,79,100,125,81,3,water,NaN,marvel-scale,competitive,cute-charm
351,castform,70,70,70,70,70,70,3,normal,NaN,forecast,NaN,NaN
352,kecleon,60,90,70,60,120,40,3,normal,NaN,color-change,NaN,protean
353,shuppet,44,75,35,63,33,45,3,ghost,NaN,insomnia,frisk,cursed-body
354,banette,64,115,65,83,63,65,3,ghost,NaN,insomnia,frisk,cursed-body
355,duskull,20,40,90,30,90,25,3,ghost,NaN,levitate,NaN,frisk
356,dusclops,40,70,130,60,130,25,3,ghost,NaN,pressure,NaN,frisk
357,tropius,99,68,83,72,87,51,3,grass,flying,chlorophyll,solar-power,harvest
358,chimecho,75,50,80,95,90,65,3,psychic,NaN,levitate,NaN,NaN
359,absol,65,130,60,75,60,75,3,dark,NaN,pressure,super-luck,justified
360,wynaut,95,23,48,23,48,23,3,psychic,NaN,shadow-tag,NaN,telepathy
361,snorunt,50,50,50,50,50,50,3,ice,NaN,inner-focus,ice-body,moody
362,glalie,80,80,80,80,80,80,3,ice,NaN,inner-focus,ice-body,moody
363,spheal,70,40,50,55,50,25,3,ice,water,thick-fat,ice-body,oblivious
364,sealeo,90,60,70,75,70,45,3,ice,water,thick-fat,ice-body,oblivious
365,walrein,110,80,90,95,90,65,3,ice,water,thick-fat,ice-body,oblivious
366,clamperl,35,64,85,74,55,32,3,water,NaN,shell-armor,NaN,rattled
367,huntail,55,104,105,94,75,52,3,water,NaN,swift-swim,NaN,water-veil
368,gorebyss,55,84,105,114,75,52,3,water,NaN,swift-swim,NaN,hydration
369,relicanth,100,90,130,45,65,55,3,water,rock,swift-swim,rock-head,sturdy
370,luvdisc,43,30,55,40,65,97,3,water,NaN,swift-swim,NaN,hydration
371,bagon,45,75,60,40,30,50,3,dragon,NaN,rock-head,NaN,sheer-force
372,shelgon,65,95,100,60,50,50,3,dragon,NaN,rock-head,NaN,overcoat
373,salamence,95,135,80,110,80,100,3,dragon,flying,intimidate,NaN,moxie
374,beldum,40,55,80,35,60,30,3,steel,psychic,clear-body,NaN,light-metal
375,metang,60,75,100,55,80,50,3,steel,psychic,clear-body,NaN,light-metal
376,metagross,80,135,130,95,90,70,3,steel,psychic,clear-body,NaN,light-metal
377,regirock,80,100,200,50,100,50,3,rock,NaN,clear-body,NaN,sturdy
378,regice,80,50,100,100,200,50,3,ice,NaN,clear-body,NaN,ice-body
379,registeel,80,75,150,75,150,50,3,steel,NaN,clear-body,NaN,light-metal
380,latias,80,80,90,110,130,110,3,dragon,psychic,levitate,NaN,NaN
381,latios,80,90,80,130,110,110,3,dragon,psychic,levitate,NaN,NaN
382,kyogre,100,100,90,150,140,90,3,water,NaN,drizzle,NaN,NaN
383,groudon,100,150,140,100,90,90,3,ground,NaN,drought,NaN,NaN
384,rayquaza,105,150,90,150,90,95,3,dragon,flying,air-lock,NaN,NaN
385,jirachi,100,100,100,100,100,100,3,steel,psychic,serene-grace,NaN,NaN
386,deoxys-normal,50,150,50,150,50,150,3,psychic,NaN,pressure,NaN,NaN
387,turtwig,55,68,64,45,55,31,3,grass,NaN,overgrow,NaN,shell-armor
388,grotle,75,89,85,55,65,36,3,grass,NaN,overgrow,NaN,shell-armor
389,torterra,95,109,105,75,85,56,3,grass,ground,overgrow,NaN,shell-armor
390,chimchar,44,58,44,58,44,61,3,fire,NaN,blaze,NaN,iron-fist
391,monferno,64,78,52,78,52,81,3,fire,fighting,blaze,NaN,iron-fist
392,infernape,76,104,71,104,71,108,3,fire,fighting,blaze,NaN,iron-fist
393,piplup,53,51,53,61,56,40,3,water,NaN,torrent,NaN,competitive
394,prinplup,64,66,68,81,76,50,3,water,NaN,torrent,NaN,competitive
395,empoleon,84,86,88,111,101,60,3,water,steel,torrent,NaN,competitive
396,starly,40,55,30,30,30,60,3,normal,flying,keen-eye,NaN,reckless
397,staravia,55,75,50,40,40,80,3,normal,flying,intimidate,NaN,reckless
398,staraptor,85,120,70,50,60,100,3,normal,flying,intimidate,NaN,reckless
399,bidoof,59,45,40,35,40,31,3,normal,NaN,simple,unaware,moody
400,bibarel,79,85,60,55,60,71,3,normal,water,simple,unaware,moody
401,kricketot,37,25,41,25,41,25,3,bug,NaN,shed-skin,NaN,run-away
402,kricketune,77,85,51,55,51,65,3,bug,NaN,swarm,NaN,technician
403,shinx,45,65,34,40,34,45,3,electric,NaN,rivalry,intimidate,guts
404,luxio,60,85,49,60,49,60,3,electric,NaN,rivalry,intimidate,guts
405,luxray,80,120,79,95,79,70,3,electric,NaN,rivalry,intimidate,guts
406,budew,40,30,35,50,70,55,3,grass,poison,natural-cure,poison-point,leaf-guard
407,roserade,60,70,65,125,105,90,3,grass,poison,natural-cure,poison-point,technician
408,cranidos,67,125,40,30,30,58,3,rock,NaN,mold-breaker,NaN,sheer-force
409,rampardos,97,165,60,65,50,58,3,rock,NaN,mold-breaker,NaN,sheer-force
410,shieldon,30,42,118,42,88,30,3,rock,steel,sturdy,NaN,soundproof
411,bastiodon,60,52,168,47,138,30,3,rock,steel,sturdy,NaN,soundproof
412,burmy,40,29,45,29,45,36,3,bug,NaN,shed-skin,NaN,overcoat
413,wormadam-plant,60,59,85,79,105,36,3,bug,grass,anticipation,NaN,overcoat
414,mothim,70,94,50,94,50,66,3,bug,flying,swarm,NaN,tinted-lens
415,combee,30,30,42,30,42,70,3,bug,flying,honey-gather,NaN,hustle
416,vespiquen,70,80,102,80,102,40,3,bug,flying,pressure,NaN,unnerve
417,pachirisu,60,45,70,45,90,95,3,electric,NaN,run-away,pickup,volt-absorb
418,buizel,55,65,35,60,30,85,3,water,NaN,swift-swim,NaN,water-veil
419,floatzel,85,105,55,85,50,115,3,water,NaN,swift-swim,NaN,water-veil
420,cherubi,45,35,45,62,53,35,3,grass,NaN,chlorophyll,NaN,NaN
421,cherrim,70,60,70,87,78,85,3,grass,NaN,flower-gift,NaN,NaN
422,shellos,76,48,48,57,62,34,3,water,NaN,sticky-hold,storm-drain,sand-force
423,gastrodon,111,83,68,92,82,39,3,water,ground,sticky-hold,storm-drain,sand-force
424,ambipom,75,100,66,60,66,115,3,normal,NaN,technician,pickup,skill-link
425,drifloon,90,50,34,60,44,70,3,ghost,flying,aftermath,unburden,flare-boost
426,drifblim,150,80,44,90,54,80,3,ghost,flying,aftermath,unburden,flare-boost
427,buneary,55,66,44,44,56,85,3,normal,NaN,run-away,klutz,limber
428,lopunny,65,76,84,54,96,105,3,normal,NaN,cute-charm,klutz,limber
429,mismagius,60,60,60,105,105,105,3,ghost,NaN,levitate,NaN,NaN
430,honchkrow,100,125,52,105,52,71,3,dark,flying,insomnia,super-luck,moxie
431,glameow,49,55,42,42,37,85,3,normal,NaN,limber,own-tempo,keen-eye
432,purugly,71,82,64,64,59,112,3,normal,NaN,thick-fat,own-tempo,defiant
433,chingling,45,30,50,65,50,45,3,psychic,NaN,levitate,NaN,NaN
434,stunky,63,63,47,41,41,74,3,poison,dark,stench,aftermath,keen-eye
435,skuntank,103,93,67,71,61,84,3,poison,dark,stench,aftermath,keen-eye
436,bronzor,57,24,86,24,86,23,3,steel,psychic,levitate,heatproof,heavy-metal
437,bronzong,67,89,116,79,116,33,3,steel,psychic,levitate,heatproof,heavy-metal
438,bonsly,50,80,95,10,45,10,4,rock,NaN,sturdy,rock-head,rattled
439,mime-jr,20,25,45,70,90,60,4,psychic,fairy,soundproof,filter,technician
440,happiny,100,5,5,15,65,30,4,normal,NaN,natural-cure,serene-grace,friend-guard
441,chatot,76,65,45,92,42,91,4,normal,flying,keen-eye,tangled-feet,big-pecks
442,spiritomb,50,92,108,92,108,35,4,ghost,dark,pressure,NaN,infiltrator
443,gible,58,70,45,40,45,42,4,dragon,ground,sand-veil,NaN,rough-skin
444,gabite,68,90,65,50,55,82,4,dragon,ground,sand-veil,NaN,rough-skin
445,garchomp,108,130,95,80,85,102,4,dragon,ground,sand-veil,NaN,rough-skin
446,munchlax,135,85,40,40,85,5,4,normal,NaN,pickup,thick-fat,gluttony
447,riolu,40,70,40,35,40,60,4,fighting,NaN,steadfast,inner-focus,prankster
448,lucario,70,110,70,115,70,90,4,fighting,steel,steadfast,inner-focus,justified
449,hippopotas,68,72,78,38,42,32,4,ground,NaN,sand-stream,NaN,sand-force
450,hippowdon,108,112,118,68,72,47,4,ground,NaN,sand-stream,NaN,sand-force
451,skorupi,40,50,90,30,55,65,4,poison,bug,battle-armor,sniper,keen-eye
452,drapion,70,90,110,60,75,95,4,poison,dark,battle-armor,sniper,keen-eye
453,croagunk,48,61,40,61,40,50,4,poison,fighting,anticipation,dry-skin,poison-touch
454,toxicroak,83,106,65,86,65,85,4,poison,fighting,anticipation,dry-skin,poison-touch
455,carnivine,74,100,72,90,72,46,4,grass,NaN,levitate,NaN,NaN
456,finneon,49,49,56,49,61,66,4,water,NaN,swift-swim,storm-drain,water-veil
457,lumineon,69,69,76,69,86,91,4,water,NaN,swift-swim,storm-drain,water-veil
458,mantyke,45,20,50,60,120,50,4,water,flying,swift-swim,water-absorb,water-veil
459,snover,60,62,50,62,60,40,4,grass,ice,snow-warning,NaN,soundproof
460,abomasnow,90,92,75,92,85,60,4,grass,ice,snow-warning,NaN,soundproof
461,weavile,70,120,65,45,85,125,4,dark,ice,pressure,NaN,pickpocket
462,magnezone,70,70,115,130,90,60,4,electric,steel,magnet-pull,sturdy,analytic
463,lickilicky,110,85,95,80,95,50,4,normal,NaN,own-tempo,oblivious,cloud-nine
464,rhyperior,115,140,130,55,55,40,4,ground,rock,lightning-rod,solid-rock,reckless
465,tangrowth,100,100,125,110,50,50,4,grass,NaN,chlorophyll,leaf-guard,regenerator
466,electivire,75,123,67,95,85,95,4,electric,NaN,motor-drive,NaN,vital-spirit
467,magmortar,75,95,67,125,95,83,4,fire,NaN,flame-body,NaN,vital-spirit
468,togekiss,85,50,95,120,115,80,4,fairy,flying,hustle,serene-grace,super-luck
469,yanmega,86,76,86,116,56,95,4,bug,flying,speed-boost,tinted-lens,frisk
470,leafeon,65,110,130,60,65,95,4,grass,NaN,leaf-guard,NaN,chlorophyll
471,glaceon,65,60,110,130,95,65,4,ice,NaN,snow-cloak,NaN,ice-body
472,gliscor,75,95,125,45,75,95,4,ground,flying,hyper-cutter,sand-veil,poison-heal
473,mamoswine,110,130,80,70,60,80,4,ice,ground,oblivious,snow-cloak,thick-fat
474,porygon-z,85,80,70,135,75,90,4,normal,NaN,adaptability,download,analytic
475,gallade,68,125,65,65,115,80,4,psychic,fighting,steadfast,sharpness,justified
476,probopass,60,55,145,75,150,40,4,rock,steel,sturdy,magnet-pull,sand-force
477,dusknoir,45,100,135,65,135,45,4,ghost,NaN,pressure,NaN,frisk
478,froslass,70,80,70,80,70,110,4,ice,ghost,snow-cloak,NaN,cursed-body
479,rotom,50,50,77,95,77,91,4,electric,ghost,levitate,NaN,NaN
480,uxie,75,75,130,75,130,95,4,psychic,NaN,levitate,NaN,NaN
481,mesprit,80,105,105,105,105,80,4,psychic,NaN,levitate,NaN,NaN
482,azelf,75,125,70,125,70,115,4,psychic,NaN,levitate,NaN,NaN
483,dialga,100,120,120,150,100,90,4,steel,dragon,pressure,NaN,telepathy
484,palkia,90,120,100,150,120,100,4,water,dragon,pressure,NaN,telepathy
485,heatran,91,90,106,130,106,77,4,fire,steel,flash-fire,NaN,flame-body
486,regigigas,110,160,110,80,110,100,4,normal,NaN,slow-start,NaN,NaN
487,giratina-altered,150,100,120,100,120,90,4,ghost,dragon,pressure,NaN,telepathy
488,cresselia,120,70,110,75,120,85,4,psychic,NaN,levitate,NaN,NaN
489,phione,80,80,80,80,80,80,4,water,NaN,hydration,NaN,NaN
490,manaphy,100,100,100,100,100,100,4,water,NaN,hydration,NaN,NaN
491,darkrai,70,90,90,135,90,125,4,dark,NaN,bad-dreams,NaN,NaN
492,shaymin-land,100,100,100,100,100,100,4,grass,NaN,natural-cure,NaN,NaN
493,arceus,120,120,120,120,120,120,4,normal,NaN,multitype,NaN,NaN
494,victini,100,100,100,100,100,100,4,psychic,fire,victory-star,NaN,NaN
495,snivy,45,45,55,45,55,63,4,grass,NaN,overgrow,NaN,contrary
496,servine,60,60,75,60,75,83,4,grass,NaN,overgrow,NaN,contrary
497,serperior,75,75,95,75,95,113,4,grass,NaN,overgrow,NaN,contrary
498,tepig,65,63,45,45,45,45,4,fire,NaN,blaze,NaN,thick-fat
499,pignite,90,93,55,70,55,55,4,fire,fighting,blaze,NaN,thick-fat
500,emboar,110,123,65,100,65,65,4,fire,fighting,blaze,NaN,reckless
501,oshawott,55,55,45,63,45,45,4,water,NaN,torrent,NaN,shell-armor
502,dewott,75,75,60,83,60,60,4,water,NaN,torrent,NaN,shell-armor
503,samurott,95,100,85,108,70,70,4,water,NaN,torrent,NaN,shell-armor
504,patrat,45,55,39,35,39,42,4,normal,NaN,run-away,keen-eye,analytic
505,watchog,60,85,69,60,69,77,4,normal,NaN,illuminate,keen-eye,analytic
506,lillipup,45,60,45,25,45,55,4,normal,NaN,vital-spirit,pickup,run-away
507,herdier,65,80,65,35,65,60,4,normal,NaN,intimidate,sand-rush,scrappy
508,stoutland,85,110,90,45,90,80,4,normal,NaN,intimidate,sand-rush,scrappy
509,purrloin,41,50,37,50,37,66,4,dark,NaN,limber,unburden,prankster
510,liepard,64,88,50,88,50,106,4,dark,NaN,limber,unburden,prankster
511,pansage,50,53,48,53,48,64,4,grass,NaN,gluttony,NaN,overgrow
512,simisage,75,98,63,98,63,101,4,grass,NaN,gluttony,NaN,overgrow
513,pansear,50,53,48,53,48,64,4,fire,NaN,gluttony,NaN,blaze
514,simisear,75,98,63,98,63,101,4,fire,NaN,gluttony,NaN,blaze
515,panpour,50,53,48,53,48,64,4,water,NaN,gluttony,NaN,torrent
516,simipour,75,98,63,98,63,101,4,water,NaN,gluttony,NaN,torrent
517,munna,76,25,45,67,55,24,4,psychic,NaN,forewarn,synchronize,telepathy
518,musharna,116,55,85,107,95,29,4,psychic,NaN,forewarn,synchronize,telepathy
519,pidove,50,55,50,36,30,43,4,normal,flying,big-pecks,super-luck,rivalry
520,tranquill,62,77,62,50,42,65,4,normal,flying,big-pecks,super-luck,rivalry
521,unfezant,80,115,80,65,55,93,4,normal,flying,big-pecks,super-luck,rivalry
522,blitzle,45,60,32,50,32,76,4,electric,NaN,lightning-rod,motor-drive,sap-sipper
523,zebstrika,75,100,63,80,63,116,4,electric,NaN,lightning-rod,motor-drive,sap-sipper
524,roggenrola,55,75,85,25,25,15,4,rock,NaN,sturdy,weak-armor,sand-force
525,boldore,70,105,105,50,40,20,4,rock,NaN,sturdy,weak-armor,sand-force
526,gigalith,85,135,130,60,80,25,4,rock,NaN,sturdy,sand-stream,sand-force
527,woobat,65,45,43,55,43,72,4,psychic,flying,unaware,klutz,simple
528,swoobat,67,57,55,77,55,114,4,psychic,flying,unaware,klutz,simple
529,drilbur,60,85,40,30,45,68,4,ground,NaN,sand-rush,sand-force,mold-breaker
530,excadrill,110,135,60,50,65,88,4,ground,steel,sand-rush,sand-force,mold-breaker
531,audino,103,60,86,60,86,50,4,normal,NaN,healer,regenerator,klutz
532,timburr,75,80,55,25,35,35,4,fighting,NaN,guts,sheer-force,iron-fist
533,gurdurr,85,105,85,40,50,40,4,fighting,NaN,guts,sheer-force,iron-fist
534,conkeldurr,105,140,95,55,65,45,4,fighting,NaN,guts,sheer-force,iron-fist
535,tympole,50,50,40,50,40,64,4,water,NaN,swift-swim,hydration,water-absorb
536,palpitoad,75,65,55,65,55,69,4,water,ground,swift-swim,hydration,water-absorb
537,seismitoad,105,95,75,85,75,74,4,water,ground,swift-swim,poison-touch,water-absorb
538,throh,120,100,85,30,85,45,4,fighting,NaN,guts,inner-focus,mold-breaker
539,sawk,75,125,75,30,75,85,4,fighting,NaN,sturdy,inner-focus,mold-breaker
540,sewaddle,45,53,70,40,60,42,4,bug,grass,swarm,chlorophyll,overcoat
541,swadloon,55,63,90,50,80,42,4,bug,grass,leaf-guard,chlorophyll,overcoat
542,leavanny,75,103,80,70,80,92,4,bug,grass,swarm,chlorophyll,overcoat
543,venipede,30,45,59,30,39,57,4,bug,poison,poison-point,swarm,speed-boost
544,whirlipede,40,55,99,40,79,47,4,bug,poison,poison-point,swarm,speed-boost
545,scolipede,60,100,89,55,69,112,5,bug,poison,poison-point,swarm,speed-boost
546,cottonee,40,27,60,37,50,66,5,grass,fairy,prankster,infiltrator,chlorophyll
547,whimsicott,60,67,85,77,75,116,5,grass,fairy,prankster,infiltrator,chlorophyll
548,petilil,45,35,50,70,50,30,5,grass,NaN,chlorophyll,own-tempo,leaf-guard
549,lilligant,70,60,75,110,75,90,5,grass,NaN,chlorophyll,own-tempo,leaf-guard
550,basculin-red-striped,70,92,65,80,55,98,5,water,NaN,reckless,adaptability,mold-breaker
551,sandile,50,72,35,35,35,65,5,ground,dark,intimidate,moxie,anger-point
552,krokorok,60,82,45,45,45,74,5,ground,dark,intimidate,moxie,anger-point
553,krookodile,95,117,80,65,70,92,5,ground,dark,intimidate,moxie,anger-point
554,darumaka,70,90,45,15,45,50,5,fire,NaN,hustle,NaN,inner-focus
555,darmanitan-standard,105,140,55,30,55,95,5,fire,NaN,sheer-force,NaN,zen-mode
556,maractus,75,86,67,106,67,60,5,grass,NaN,water-absorb,chlorophyll,storm-drain
557,dwebble,50,65,85,35,35,55,5,bug,rock,sturdy,shell-armor,weak-armor
558,crustle,70,105,125,65,75,45,5,bug,rock,sturdy,shell-armor,weak-armor
559,scraggy,50,75,70,35,70,48,5,dark,fighting,shed-skin,moxie,intimidate
560,scrafty,65,90,115,45,115,58,5,dark,fighting,shed-skin,moxie,intimidate
561,sigilyph,72,58,80,103,80,97,5,psychic,flying,wonder-skin,magic-guard,tinted-lens
562,yamask,38,30,85,55,65,30,5,ghost,NaN,mummy,NaN,NaN
563,cofagrigus,58,50,145,95,105,30,5,ghost,NaN,mummy,NaN,NaN
564,tirtouga,54,78,103,53,45,22,5,water,rock,solid-rock,sturdy,swift-swim
565,carracosta,74,108,133,83,65,32,5,water,rock,solid-rock,sturdy,swift-swim
566,archen,55,112,45,74,45,70,5,rock,flying,defeatist,NaN,NaN
567,archeops,75,140,65,112,65,110,5,rock,flying,defeatist,NaN,NaN
568,trubbish,50,50,62,40,62,65,5,poison,NaN,stench,sticky-hold,aftermath
569,garbodor,80,95,82,60,82,75,5,poison,NaN,stench,weak-armor,aftermath
570,zorua,40,65,40,80,40,65,5,dark,NaN,illusion,NaN,NaN
571,zoroark,60,105,60,120,60,105,5,dark,NaN,illusion,NaN,NaN
572,minccino,55,50,40,40,40,75,5,normal,NaN,cute-charm,technician,skill-link
573,cinccino,75,95,60,65,60,115,5,normal,NaN,cute-charm,technician,skill-link
574,gothita,45,30,50,55,65,45,5,psychic,NaN,frisk,competitive,shadow-tag
575,gothorita,60,45,70,75,85,55,5,psychic,NaN,frisk,competitive,shadow-tag
576,gothitelle,70,55,95,95,110,65,5,psychic,NaN,frisk,competitive,shadow-tag
577,solosis,45,30,40,105,50,20,5,psychic,NaN,overcoat,magic-guard,regenerator
578,duosion,65,40,50,125,60,30,5,psychic,NaN,overcoat,magic-guard,regenerator
579,reuniclus,110,65,75,125,85,30,5,psychic,NaN,overcoat,magic-guard,regenerator
580,ducklett,62,44,50,44,50,55,5,water,flying,keen-eye,big-pecks,hydration
581,swanna,75,87,63,87,63,98,5,water,flying,keen-eye,big-pecks,hydration
582,vanillite,36,50,50,65,60,44,5,ice,NaN,ice-body,snow-cloak,weak-armor
583,vanillish,51,65,65,80,75,59,5,ice,NaN,ice-body,snow-cloak,weak-armor
584,vanilluxe,71,95,85,110,95,79,5,ice,NaN,ice-body,snow-warning,weak-armor
585,deerling,60,60,50,40,50,75,5,normal,grass,chlorophyll,sap-sipper,serene-grace
586,sawsbuck,80,100,70,60,70,95,5,normal,grass,chlorophyll,sap-sipper,serene-grace
587,emolga,55,75,60,75,60,103,5,electric,flying,static,NaN,motor-drive
588,karrablast,50,75,45,40,45,60,5,bug,NaN,swarm,shed-skin,no-guard
589,escavalier,70,135,105,60,105,20,5,bug,steel,swarm,shell-armor,overcoat
590,foongus,69,55,45,55,55,15,5,grass,poison,effect-spore,NaN,regenerator
591,amoonguss,114,85,70,85,80,30,5,grass,poison,effect-spore,NaN,regenerator
592,frillish,55,40,50,65,85,40,5,water,ghost,water-absorb,cursed-body,damp
593,jellicent,100,60,70,85,105,60,5,water,ghost,water-absorb,cursed-body,damp
594,alomomola,165,75,80,40,45,65,5,water,NaN,healer,hydration,regenerator
595,joltik,50,47,50,57,50,65,5,bug,electric,compound-eyes,unnerve,swarm
596,galvantula,70,77,60,97,60,108,5,bug,electric,compound-eyes,unnerve,swarm
597,ferroseed,44,50,91,24,86,10,5,grass,steel,iron-barbs,NaN,NaN
598,ferrothorn,74,94,131,54,116,20,5,grass,steel,iron-barbs,NaN,anticipation
599,klink,40,55,70,45,60,30,5,steel,NaN,plus,minus,clear-body
600,klang,60,80,95,70,85,50,5,steel,NaN,plus,minus,clear-body
601,klinklang,60,100,115,70,85,90,5,steel,NaN,plus,minus,clear-body
602,tynamo,35,55,40,45,40,60,5,electric,NaN,levitate,NaN,NaN
603,eelektrik,65,85,70,75,70,40,5,electric,NaN,levitate,NaN,NaN
604,eelektross,85,115,80,105,80,50,5,electric,NaN,levitate,NaN,NaN
605,elgyem,55,55,55,85,55,30,5,psychic,NaN,telepathy,synchronize,analytic
606,beheeyem,75,75,75,125,95,40,5,psychic,NaN,telepathy,synchronize,analytic
607,litwick,50,30,55,65,55,20,5,ghost,fire,flash-fire,flame-body,infiltrator
608,lampent,60,40,60,95,60,55,5,ghost,fire,flash-fire,flame-body,infiltrator
609,chandelure,60,55,90,145,90,80,5,ghost,fire,flash-fire,flame-body,infiltrator
610,axew,46,87,60,30,40,57,5,dragon,NaN,rivalry,mold-breaker,unnerve
611,fraxure,66,117,70,40,50,67,5,dragon,NaN,rivalry,mold-breaker,unnerve
612,haxorus,76,147,90,60,70,97,5,dragon,NaN,rivalry,mold-breaker,unnerve
613,cubchoo,55,70,40,60,40,40,5,ice,NaN,snow-cloak,slush-rush,rattled
614,beartic,95,130,80,70,80,50,5,ice,NaN,snow-cloak,slush-rush,swift-swim
615,cryogonal,80,50,50,95,135,105,5,ice,NaN,levitate,NaN,NaN
616,shelmet,50,40,85,40,65,25,5,bug,NaN,hydration,shell-armor,overcoat
617,accelgor,80,70,40,100,60,145,5,bug,NaN,hydration,sticky-hold,unburden
618,stunfisk,109,66,84,81,99,32,5,ground,electric,static,limber,sand-veil
619,mienfoo,45,85,50,55,50,65,5,fighting,NaN,inner-focus,regenerator,reckless
620,mienshao,65,125,60,95,60,105,5,fighting,NaN,inner-focus,regenerator,reckless
621,druddigon,77,120,90,60,90,48,5,dragon,NaN,rough-skin,sheer-force,mold-breaker
622,golett,59,74,50,35,50,35,5,ground,ghost,iron-fist,klutz,no-guard
623,golurk,89,124,80,55,80,55,5,ground,ghost,iron-fist,klutz,no-guard
624,pawniard,45,85,70,40,40,60,5,dark,steel,defiant,inner-focus,pressure
625,bisharp,65,125,100,60,70,70,5,dark,steel,defiant,inner-focus,pressure
626,bouffalant,95,110,95,40,95,55,5,normal,NaN,reckless,sap-sipper,soundproof
627,rufflet,70,83,50,37,50,60,5,normal,flying,keen-eye,sheer-force,hustle
628,braviary,100,123,75,57,75,80,5,normal,flying,keen-eye,sheer-force,defiant
629,vullaby,70,55,75,45,65,60,5,dark,flying,big-pecks,overcoat,weak-armor
630,mandibuzz,110,65,105,55,95,80,5,dark,flying,big-pecks,overcoat,weak-armor
631,heatmor,85,97,66,105,66,65,5,fire,NaN,gluttony,flash-fire,white-smoke
632,durant,58,109,112,48,48,109,5,bug,steel,swarm,hustle,truant
633,deino,52,65,50,45,50,38,5,dark,dragon,hustle,NaN,NaN
634,zweilous,72,85,70,65,70,58,5,dark,dragon,hustle,NaN,NaN
635,hydreigon,92,105,90,125,90,98,5,dark,dragon,levitate,NaN,NaN
636,larvesta,55,85,55,50,55,60,5,bug,fire,flame-body,NaN,swarm
637,volcarona,85,60,65,135,105,100,5,bug,fire,flame-body,NaN,swarm
638,cobalion,91,90,129,90,72,108,5,steel,fighting,justified,NaN,NaN
639,terrakion,91,129,90,72,90,108,5,rock,fighting,justified,NaN,NaN
640,virizion,91,90,72,90,129,108,5,grass,fighting,justified,NaN,NaN
641,tornadus-incarnate,79,115,70,125,80,111,5,flying,NaN,prankster,NaN,defiant
642,thundurus-incarnate,79,115,70,125,80,111,5,electric,flying,prankster,NaN,defiant
643,reshiram,100,120,100,150,120,90,5,dragon,fire,turboblaze,NaN,NaN
644,zekrom,100,150,120,120,100,90,5,dragon,electric,teravolt,NaN,NaN
645,landorus-incarnate,89,125,90,115,80,101,5,ground,flying,sand-force,NaN,sheer-force
646,kyurem,125,130,90,130,90,95,5,dragon,ice,pressure,NaN,NaN
647,keldeo-ordinary,91,72,90,129,90,108,5,water,fighting,justified,NaN,NaN
648,meloetta-aria,100,77,77,128,128,90,5,normal,psychic,serene-grace,NaN,NaN
649,genesect,71,120,95,120,95,99,5,bug,steel,download,NaN,NaN
650,chespin,56,61,65,48,45,38,5,grass,NaN,overgrow,NaN,bulletproof
651,quilladin,61,78,95,56,58,57,5,grass,NaN,overgrow,NaN,bulletproof
652,chesnaught,88,107,122,74,75,64,5,grass,fighting,overgrow,NaN,bulletproof
653,fennekin,40,45,40,62,60,60,5,fire,NaN,blaze,NaN,magician
654,braixen,59,59,58,90,70,73,5,fire,NaN,blaze,NaN,magician
655,delphox,75,69,72,114,100,104,5,fire,psychic,blaze,NaN,magician
656,froakie,41,56,40,62,44,71,5,water,NaN,torrent,NaN,protean
657,frogadier,54,63,52,83,56,97,5,water,NaN,torrent,NaN,protean
658,greninja,72,95,67,103,71,122,5,water,dark,torrent,NaN,protean
659,bunnelby,38,36,38,32,36,57,5,normal,NaN,pickup,cheek-pouch,huge-power
660,diggersby,85,56,77,50,77,78,5,normal,ground,pickup,cheek-pouch,huge-power
661,fletchling,45,50,43,40,38,62,5,normal,flying,big-pecks,NaN,gale-wings
662,fletchinder,62,73,55,56,52,84,5,fire,flying,flame-body,NaN,gale-wings
663,talonflame,78,81,71,74,69,126,5,fire,flying,flame-body,NaN,gale-wings
664,scatterbug,38,35,40,27,25,35,5,bug,NaN,shield-dust,compound-eyes,friend-guard
665,spewpa,45,22,60,27,30,29,5,bug,NaN,shed-skin,NaN,friend-guard
666,vivillon,80,52,50,90,50,89,5,bug,flying,shield-dust,compound-eyes,friend-guard
667,litleo,62,50,58,73,54,72,5,fire,normal,rivalry,unnerve,moxie
668,pyroar,86,68,72,109,66,106,5,fire,normal,rivalry,unnerve,moxie
669,flabebe,44,38,39,61,79,42,5,fairy,NaN,flower-veil,NaN,symbiosis
670,floette,54,45,47,75,98,52,5,fairy,NaN,flower-veil,NaN,symbiosis
671,florges,78,65,68,112,154,75,5,fairy,NaN,flower-veil,NaN,symbiosis
672,skiddo,66,65,48,62,57,52,5,grass,NaN,sap-sipper,NaN,grass-pelt
673,gogoat,123,100,62,97,81,68,5,grass,NaN,sap-sipper,NaN,grass-pelt
674,pancham,67,82,62,46,48,43,5,fighting,NaN,iron-fist,mold-breaker,scrappy
675,pangoro,95,124,78,69,71,58,5,fighting,dark,iron-fist,mold-breaker,scrappy
676,furfrou,75,80,60,65,90,102,5,normal,NaN,fur-coat,NaN,NaN
677,espurr,62,48,54,63,60,68,5,psychic,NaN,keen-eye,infiltrator,own-tempo
678,meowstic-male,74,48,76,83,81,104,5,psychic,NaN,keen-eye,infiltrator,prankster
679,honedge,45,80,100,35,37,28,5,steel,ghost,no-guard,NaN,NaN
680,doublade,59,110,150,45,49,35,5,steel,ghost,no-guard,NaN,NaN
681,aegislash-shield,60,50,140,50,140,60,5,steel,ghost,stance-change,NaN,NaN
682,spritzee,78,52,60,63,65,23,5,fairy,NaN,healer,NaN,aroma-veil
683,aromatisse,101,72,72,99,89,29,5,fairy,NaN,healer,NaN,aroma-veil
684,swirlix,62,48,66,59,57,49,5,fairy,NaN,sweet-veil,NaN,unburden
685,slurpuff,82,80,86,85,75,72,5,fairy,NaN,sweet-veil,NaN,unburden
686,inkay,53,54,53,37,46,45,5,dark,psychic,contrary,suction-cups,infiltrator
687,malamar,86,92,88,68,75,73,5,dark,psychic,contrary,suction-cups,infiltrator
688,binacle,42,52,67,39,56,50,5,rock,water,tough-claws,sniper,pickpocket
689,barbaracle,72,105,115,54,86,68,5,rock,water,tough-claws,sniper,pickpocket
690,skrelp,50,60,60,60,60,30,5,poison,water,poison-point,poison-touch,adaptability
691,dragalge,65,75,90,97,123,44,5,poison,dragon,poison-point,poison-touch,adaptability
692,clauncher,50,53,62,58,63,44,5,water,NaN,mega-launcher,NaN,NaN
693,clawitzer,71,73,88,120,89,59,5,water,NaN,mega-launcher,NaN,NaN
694,helioptile,44,38,33,61,43,70,5,electric,normal,dry-skin,sand-veil,solar-power
695,heliolisk,62,55,52,109,94,109,5,electric,normal,dry-skin,sand-veil,solar-power
696,tyrunt,58,89,77,45,45,48,5,rock,dragon,strong-jaw,NaN,sturdy
697,tyrantrum,82,121,119,69,59,71,5,rock,dragon,strong-jaw,NaN,rock-head
698,amaura,77,59,50,67,63,46,5,rock,ice,refrigerate,NaN,snow-warning
699,aurorus,123,77,72,99,92,58,5,rock,ice,refrigerate,NaN,snow-warning
700,sylveon,95,65,65,110,130,60,5,fairy,NaN,cute-charm,NaN,pixilate
701,hawlucha,78,92,75,74,63,118,6,fighting,flying,limber,unburden,mold-breaker
702,dedenne,67,58,57,81,67,101,6,electric,fairy,cheek-pouch,pickup,plus
703,carbink,50,50,150,50,150,50,6,rock,fairy,clear-body,NaN,sturdy
704,goomy,45,50,35,55,75,40,6,dragon,NaN,sap-sipper,hydration,gooey
705,sliggoo,68,75,53,83,113,60,6,dragon,NaN,sap-sipper,hydration,gooey
706,goodra,90,100,70,110,150,80,6,dragon,NaN,sap-sipper,hydration,gooey
707,klefki,57,80,91,80,87,75,6,steel,fairy,prankster,NaN,magician
708,phantump,43,70,48,50,60,38,6,ghost,grass,natural-cure,frisk,harvest
709,trevenant,85,110,76,65,82,56,6,ghost,grass,natural-cure,frisk,harvest
710,pumpkaboo-average,49,66,70,44,55,51,6,ghost,grass,pickup,frisk,insomnia
711,gourgeist-average,65,90,122,58,75,84,6,ghost,grass,pickup,frisk,insomnia
712,bergmite,55,69,85,32,35,28,6,ice,NaN,own-tempo,ice-body,sturdy
713,avalugg,95,117,184,44,46,28,6,ice,NaN,own-tempo,ice-body,sturdy
714,noibat,40,30,35,45,40,55,6,flying,dragon,frisk,infiltrator,telepathy
715,noivern,85,70,80,97,80,123,6,flying,dragon,frisk,infiltrator,telepathy
716,xerneas,126,131,95,131,98,99,6,fairy,NaN,fairy-aura,NaN,NaN
717,yveltal,126,131,95,131,98,99,6,dark,flying,dark-aura,NaN,NaN
718,zygarde-50,108,100,121,81,95,95,6,dragon,ground,aura-break,NaN,NaN
719,diancie,50,100,150,100,150,50,6,rock,fairy,clear-body,NaN,NaN
720,hoopa,80,110,60,150,130,70,6,psychic,ghost,magician,NaN,NaN
721,volcanion,80,110,120,130,90,70,6,fire,water,water-absorb,NaN,NaN
722,rowlet,68,55,55,50,50,42,6,grass,flying,overgrow,NaN,long-reach
723,dartrix,78,75,75,70,70,52,6,grass,flying,overgrow,NaN,long-reach
724,decidueye,78,107,75,100,100,70,6,grass,ghost,overgrow,NaN,long-reach
725,litten,45,65,40,60,40,70,6,fire,NaN,blaze,NaN,intimidate
726,torracat,65,85,50,80,50,90,6,fire,NaN,blaze,NaN,intimidate
727,incineroar,95,115,90,80,90,60,6,fire,dark,blaze,NaN,intimidate
728,popplio,50,54,54,66,56,40,6,water,NaN,torrent,NaN,liquid-voice
729,brionne,60,69,69,91,81,50,6,water,NaN,torrent,NaN,liquid-voice
730,primarina,80,74,74,126,116,60,6,water,fairy,torrent,NaN,liquid-voice
731,pikipek,35,75,30,30,30,65,6,normal,flying,keen-eye,skill-link,pickup
732,trumbeak,55,85,50,40,50,75,6,normal,flying,keen-eye,skill-link,pickup
733,toucannon,80,120,75,75,75,60,6,normal,flying,keen-eye,skill-link,sheer-force
734,yungoos,48,70,30,30,30,45,6,normal,NaN,stakeout,strong-jaw,adaptability
735,gumshoos,88,110,60,55,60,45,6,normal,NaN,stakeout,strong-jaw,adaptability
736,grubbin,47,62,45,55,45,46,6,bug,NaN,swarm,NaN,NaN
737,charjabug,57,82,95,55,75,36,6,bug,electric,battery,NaN,NaN
738,vikavolt,77,70,90,145,75,43,6,bug,electric,levitate,NaN,NaN
739,crabrawler,47,82,57,42,47,63,6,fighting,NaN,hyper-cutter,iron-fist,anger-point
740,crabominable,97,132,77,62,67,43,6,fighting,ice,hyper-cutter,iron-fist,anger-point
741,oricorio-baile,75,70,70,98,70,93,6,fire,flying,dancer,NaN,NaN
742,cutiefly,40,45,40,55,40,84,6,bug,fairy,honey-gather,shield-dust,sweet-veil
743,ribombee,60,55,60,95,70,124,6,bug,fairy,honey-gather,shield-dust,sweet-veil
744,rockruff,45,65,40,30,40,60,6,rock,NaN,keen-eye,vital-spirit,steadfast
745,lycanroc-midday,75,115,65,55,65,112,6,rock,NaN,keen-eye,sand-rush,steadfast
746,wishiwashi-solo,45,20,20,25,25,40,6,water,NaN,schooling,NaN,NaN
747,mareanie,50,53,62,43,52,45,6,poison,water,merciless,limber,regenerator
748,toxapex,50,63,152,53,142,35,6,poison,water,merciless,limber,regenerator
749,mudbray,70,100,70,45,55,45,6,ground,NaN,own-tempo,stamina,inner-focus
750,mudsdale,100,125,100,55,85,35,6,ground,NaN,own-tempo,stamina,inner-focus
751,dewpider,38,40,52,40,72,27,6,water,bug,water-bubble,NaN,water-absorb
752,araquanid,68,70,92,50,132,42,6,water,bug,water-bubble,NaN,water-absorb
753,fomantis,40,55,35,50,35,35,6,grass,NaN,leaf-guard,NaN,contrary
754,lurantis,70,105,90,80,90,45,6,grass,NaN,leaf-guard,NaN,contrary
755,morelull,40,35,55,65,75,15,6,grass,fairy,illuminate,effect-spore,rain-dish
756,shiinotic,60,45,80,90,100,30,6,grass,fairy,illuminate,effect-spore,rain-dish
757,salandit,48,44,40,71,40,77,6,poison,fire,corrosion,NaN,oblivious
758,salazzle,68,64,60,111,60,117,6,poison,fire,corrosion,NaN,oblivious
759,stufful,70,75,50,45,50,50,6,normal,fighting,fluffy,klutz,cute-charm
760,bewear,120,125,80,55,60,60,6,normal,fighting,fluffy,klutz,unnerve
761,bounsweet,42,30,38,30,38,32,6,grass,NaN,leaf-guard,oblivious,sweet-veil
762,steenee,52,40,48,40,48,62,6,grass,NaN,leaf-guard,oblivious,sweet-veil
763,tsareena,72,120,98,50,98,72,6,grass,NaN,leaf-guard,queenly-majesty,sweet-veil
764,comfey,51,52,90,82,110,100,6,fairy,NaN,flower-veil,triage,natural-cure
765,oranguru,90,60,80,90,110,60,6,normal,psychic,inner-focus,telepathy,symbiosis
766,passimian,100,120,90,40,60,80,6,fighting,NaN,receiver,NaN,defiant
767,wimpod,25,35,40,20,30,80,6,bug,water,wimp-out,NaN,NaN
768,golisopod,75,125,140,60,90,40,6,bug,water,emergency-exit,NaN,NaN
769,sandygast,55,55,80,70,45,15,6,ghost,ground,water-compaction,NaN,sand-veil
770,palossand,85,75,110,100,75,35,6,ghost,ground,water-compaction,NaN,sand-veil
771,pyukumuku,55,60,130,30,130,5,6,water,NaN,innards-out,NaN,unaware
772,type-null,95,95,95,95,95,59,6,normal,NaN,battle-armor,NaN,NaN
773,silvally,95,95,95,95,95,95,7,normal,NaN,rks-system,NaN,NaN
774,minior-red-meteor,60,60,100,60,100,60,7,rock,flying,shields-down,NaN,NaN
775,komala,65,115,65,75,95,65,7,normal,NaN,comatose,NaN,NaN
776,turtonator,60,78,135,91,85,36,7,fire,dragon,shell-armor,NaN,NaN
777,togedemaru,65,98,63,40,73,96,7,electric,steel,iron-barbs,lightning-rod,sturdy
778,mimikyu-disguised,55,90,80,50,105,96,7,ghost,fairy,disguise,NaN,NaN
779,bruxish,68,105,70,70,70,92,7,water,psychic,dazzling,strong-jaw,wonder-skin
780,drampa,78,60,85,135,91,36,7,normal,dragon,berserk,sap-sipper,cloud-nine
781,dhelmise,70,131,100,86,90,40,7,ghost,grass,steelworker,NaN,NaN
782,jangmo-o,45,55,65,45,45,45,7,dragon,NaN,bulletproof,soundproof,overcoat
783,hakamo-o,55,75,90,65,70,65,7,dragon,fighting,bulletproof,soundproof,overcoat
784,kommo-o,75,110,125,100,105,85,7,dragon,fighting,bulletproof,soundproof,overcoat
785,tapu-koko,70,115,85,95,75,130,7,electric,fairy,electric-surge,NaN,telepathy
786,tapu-lele,70,85,75,130,115,95,7,psychic,fairy,psychic-surge,NaN,telepathy
787,tapu-bulu,70,130,115,85,95,75,7,grass,fairy,grassy-surge,NaN,telepathy
788,tapu-fini,70,75,115,95,130,85,7,water,fairy,misty-surge,NaN,telepathy
789,cosmog,43,29,31,29,31,37,7,psychic,NaN,unaware,NaN,NaN
790,cosmoem,43,29,131,29,131,37,7,psychic,NaN,sturdy,NaN,NaN
791,solgaleo,137,137,107,113,89,97,7,psychic,steel,full-metal-body,NaN,NaN
792,lunala,137,113,89,137,107,97,7,psychic,ghost,shadow-shield,NaN,NaN
793,nihilego,109,53,47,127,131,103,7,rock,poison,beast-boost,NaN,NaN
794,buzzwole,107,139,139,53,53,79,7,bug,fighting,beast-boost,NaN,NaN
795,pheromosa,71,137,37,137,37,151,7,bug,fighting,beast-boost,NaN,NaN
796,xurkitree,83,89,71,173,71,83,7,electric,NaN,beast-boost,NaN,NaN
797,celesteela,97,101,103,107,101,61,7,steel,flying,beast-boost,NaN,NaN
798,kartana,59,181,131,59,31,109,7,grass,steel,beast-boost,NaN,NaN
799,guzzlord,223,101,53,97,53,43,7,dark,dragon,beast-boost,NaN,NaN
800,necrozma,97,107,101,127,89,79,7,psychic,NaN,prism-armor,NaN,NaN
801,magearna,80,95,115,130,115,65,7,steel,fairy,soul-heart,NaN,NaN
802,marshadow,90,125,80,90,90,125,7,fighting,ghost,technician,NaN,NaN
803,poipole,67,73,67,73,67,73,7,poison,NaN,beast-boost,NaN,NaN
804,naganadel,73,73,73,127,73,121,7,poison,dragon,beast-boost,NaN,NaN
805,stakataka,61,131,211,53,101,13,7,rock,steel,beast-boost,NaN,NaN
806,blacephalon,53,127,53,151,79,107,7,fire,ghost,beast-boost,NaN,NaN
807,zeraora,88,112,75,102,80,143,7,electric,NaN,volt-absorb,NaN,NaN
808,meltan,46,65,65,55,35,34,7,steel,NaN,magnet-pull,NaN,NaN
809,melmetal,135,143,143,80,65,34,7,steel,NaN,iron-fist,NaN,NaN
810,grookey,50,65,50,40,40,65,7,grass,NaN,overgrow,NaN,grassy-surge
811,thwackey,70,85,70,55,60,80,7,grass,NaN,overgrow,NaN,grassy-surge
812,rillaboom,100,125,90,60,70,85,7,grass,NaN,overgrow,NaN,grassy-surge
813,scorbunny,50,71,40,40,40,69,7,fire,NaN,blaze,NaN,libero
814,raboot,65,86,60,55,60,94,7,fire,NaN,blaze,NaN,libero
815,cinderace,80,116,75,65,75,119,7,fire,NaN,blaze,NaN,libero
816,sobble,50,40,40,70,40,70,7,water,NaN,torrent,NaN,sniper
817,drizzile,65,60,55,95,55,90,7,water,NaN,torrent,NaN,sniper
818,inteleon,70,85,65,125,65,120,7,water,NaN,torrent,NaN,sniper
819,skwovet,70,55,55,35,35,25,7,normal,NaN,cheek-pouch,NaN,gluttony
820,greedent,120,95,95,55,75,20,7,normal,NaN,cheek-pouch,NaN,gluttony
821,rookidee,38,47,35,33,35,57,7,flying,NaN,keen-eye,unnerve,big-pecks
822,corvisquire,68,67,55,43,55,77,7,flying,NaN,keen-eye,unnerve,big-pecks
823,corviknight,98,87,105,53,85,67,7,flying,steel,pressure,unnerve,mirror-armor
824,blipbug,25,20,20,25,45,45,7,bug,NaN,swarm,compound-eyes,telepathy
825,dottler,50,35,80,50,90,30,7,bug,psychic,swarm,compound-eyes,telepathy
826,orbeetle,60,45,110,80,120,90,7,bug,psychic,swarm,frisk,telepathy
827,nickit,40,28,28,47,52,50,7,dark,NaN,run-away,unburden,stakeout
828,thievul,70,58,58,87,92,90,7,dark,NaN,run-away,unburden,stakeout
829,gossifleur,40,40,60,40,60,10,7,grass,NaN,cotton-down,regenerator,effect-spore
830,eldegoss,60,50,90,80,120,60,7,grass,NaN,cotton-down,regenerator,effect-spore
831,wooloo,42,40,55,40,45,48,7,normal,NaN,fluffy,run-away,bulletproof
832,dubwool,72,80,100,60,90,88,7,normal,NaN,fluffy,steadfast,bulletproof
833,chewtle,50,64,50,38,38,44,7,water,NaN,strong-jaw,shell-armor,swift-swim
834,drednaw,90,115,90,48,68,74,7,water,rock,strong-jaw,shell-armor,swift-swim
835,yamper,59,45,50,40,50,26,7,electric,NaN,ball-fetch,NaN,rattled
836,boltund,69,90,60,90,60,121,7,electric,NaN,strong-jaw,NaN,competitive
837,rolycoly,30,40,50,40,50,30,7,rock,NaN,steam-engine,heatproof,flash-fire
838,carkol,80,60,90,60,70,50,7,rock,fire,steam-engine,flame-body,flash-fire
839,coalossal,110,80,120,80,90,30,7,rock,fire,steam-engine,flame-body,flash-fire
840,applin,40,40,80,40,40,20,7,grass,dragon,ripen,gluttony,bulletproof
841,flapple,70,110,80,95,60,70,7,grass,dragon,ripen,gluttony,hustle
842,appletun,110,85,80,100,80,30,7,grass,dragon,ripen,gluttony,thick-fat
843,silicobra,52,57,75,35,50,46,7,ground,NaN,sand-spit,shed-skin,sand-veil
844,sandaconda,72,107,125,65,70,71,7,ground,NaN,sand-spit,shed-skin,sand-veil
845,cramorant,70,85,55,85,95,85,7,flying,water,gulp-missile,NaN,NaN
846,arrokuda,41,63,40,40,30,66,7,water,NaN,swift-swim,NaN,propeller-tail
847,barraskewda,61,123,60,60,50,136,7,water,NaN,swift-swim,NaN,propeller-tail
848,toxel,40,38,35,54,35,40,7,electric,poison,rattled,static,klutz
849,toxtricity-amped,75,98,70,114,70,75,7,electric,poison,punk-rock,plus,technician
850,sizzlipede,50,65,45,50,50,45,7,fire,bug,flash-fire,white-smoke,flame-body
851,centiskorch,100,115,65,90,90,65,7,fire,bug,flash-fire,white-smoke,flame-body
852,clobbopus,50,68,60,50,50,32,7,fighting,NaN,limber,NaN,technician
853,grapploct,80,118,90,70,80,42,7,fighting,NaN,limber,NaN,technician
854,sinistea,40,45,45,74,54,50,7,ghost,NaN,weak-armor,NaN,cursed-body
855,polteageist,60,65,65,134,114,70,7,ghost,NaN,weak-armor,NaN,cursed-body
856,hatenna,42,30,45,56,53,39,7,psychic,NaN,healer,anticipation,magic-bounce
857,hattrem,57,40,65,86,73,49,7,psychic,NaN,healer,anticipation,magic-bounce
858,hatterene,57,90,95,136,103,29,7,psychic,fairy,healer,anticipation,magic-bounce
859,impidimp,45,45,30,55,40,50,8,dark,fairy,prankster,frisk,pickpocket
860,morgrem,65,60,45,75,55,70,8,dark,fairy,prankster,frisk,pickpocket
861,grimmsnarl,95,120,65,95,75,60,8,dark,fairy,prankster,frisk,pickpocket
862,obstagoon,93,90,101,60,81,95,8,dark,normal,reckless,guts,defiant
863,perrserker,70,110,100,50,60,50,8,steel,NaN,battle-armor,tough-claws,steely-spirit
864,cursola,60,95,50,145,130,30,8,ghost,NaN,weak-armor,NaN,perish-body
865,sirfetchd,62,135,95,68,82,65,8,fighting,NaN,steadfast,NaN,scrappy
866,mr-rime,80,85,75,110,100,70,8,ice,psychic,tangled-feet,screen-cleaner,ice-body
867,runerigus,58,95,145,50,105,30,8,ground,ghost,wandering-spirit,NaN,NaN
868,milcery,45,40,40,50,61,34,8,fairy,NaN,sweet-veil,NaN,aroma-veil
869,alcremie,65,60,75,110,121,64,8,fairy,NaN,sweet-veil,NaN,aroma-veil
870,falinks,65,100,100,70,60,75,8,fighting,NaN,battle-armor,NaN,defiant
871,pincurchin,48,101,95,91,85,15,8,electric,NaN,lightning-rod,NaN,electric-surge
872,snom,30,25,35,45,30,20,8,ice,bug,shield-dust,NaN,ice-scales
873,frosmoth,70,65,60,125,90,65,8,ice,bug,shield-dust,NaN,ice-scales
874,stonjourner,100,125,135,20,20,70,8,rock,NaN,power-spot,NaN,NaN
875,eiscue-ice,75,80,110,65,90,50,8,ice,NaN,ice-face,NaN,NaN
876,indeedee-male,60,65,55,105,95,95,8,psychic,normal,inner-focus,synchronize,psychic-surge
877,morpeko-full-belly,58,95,58,70,58,97,8,electric,dark,hunger-switch,NaN,NaN
878,cufant,72,80,49,40,49,40,8,steel,NaN,sheer-force,NaN,heavy-metal
879,copperajah,122,130,69,80,69,30,8,steel,NaN,sheer-force,NaN,heavy-metal
880,dracozolt,90,100,90,80,70,75,8,electric,dragon,volt-absorb,hustle,sand-rush
881,arctozolt,90,100,90,90,80,55,8,electric,ice,volt-absorb,static,slush-rush
882,dracovish,90,90,100,70,80,75,8,water,dragon,water-absorb,strong-jaw,sand-rush
883,arctovish,90,90,100,80,90,55,8,water,ice,water-absorb,ice-body,slush-rush
884,duraludon,70,95,115,120,50,85,8,steel,dragon,light-metal,heavy-metal,stalwart
885,dreepy,28,60,30,40,30,82,8,dragon,ghost,clear-body,infiltrator,cursed-body
886,drakloak,68,80,50,60,50,102,8,dragon,ghost,clear-body,infiltrator,cursed-body
887,dragapult,88,120,75,100,75,142,8,dragon,ghost,clear-body,infiltrator,cursed-body
888,zacian,92,120,115,80,115,138,8,fairy,NaN,intrepid-sword,NaN,NaN
889,zamazenta,92,120,115,80,115,138,8,fighting,NaN,dauntless-shield,NaN,NaN
890,eternatus,140,85,95,145,95,130,8,poison,dragon,pressure,NaN,NaN
891,kubfu,60,90,60,53,50,72,8,fighting,NaN,inner-focus,NaN,NaN
892,urshifu-single-strike,100,130,100,63,60,97,8,fighting,dark,unseen-fist,NaN,NaN
893,zarude,105,120,105,70,95,105,8,dark,grass,leaf-guard,NaN,NaN
894,regieleki,80,100,50,100,50,200,8,electric,NaN,transistor,NaN,NaN
895,regidrago,200,100,50,100,50,80,8,dragon,NaN,dragons-maw,NaN,NaN
896,glastrier,100,145,130,65,110,30,8,ice,NaN,chilling-neigh,NaN,NaN
897,spectrier,100,65,60,145,80,130,8,ghost,NaN,grim-neigh,NaN,NaN
898,calyrex,100,80,80,80,80,80,8,psychic,grass,unnerve,NaN,NaN
899,wyrdeer,103,105,72,105,75,65,8,normal,psychic,intimidate,frisk,sap-sipper
900,kleavor,70,135,95,45,70,85,8,bug,rock,swarm,sheer-force,sharpness
901,ursaluna,130,140,105,45,80,50,8,ground,normal,guts,bulletproof,unnerve
902,basculegion-male,120,112,65,80,75,78,8,water,ghost,swift-swim,adaptability,mold-breaker
903,sneasler,80,130,60,40,80,120,8,fighting,poison,pressure,unburden,poison-touch
904,overqwil,85,115,95,65,65,85,8,dark,poison,poison-point,swift-swim,intimidate
905,enamorus-incarnate,74,115,70,135,80,106,8,fairy,flying,cute-charm,NaN,contrary
